Tauji ,Khata,Plot, Location , Area(Dismil), Schedule A, Schedule B , Status
4429,174,54,Nimheta Bichla Geda,55,48.5,6.5,Seprate
4429,174,615,Kiyari me,35,35,0,Seprate
4429,174,77,Nimheta Utarwari geda,70,0,70,Seprate
4429,174,92,Madhwa Siwan Par,47,23.5,23.5,Seprate
4429,174,82,Nimheta,68,68,0,Seprate
4429,174,560,Arnag Pain Ke paschim,61,30.5,30.5,Seprate
4429,174,41,Bichla Geda Ke purab,107,107,0,Seprate
4429,174,4209,Arnag Sadak Kinare,38,17.75,20.25,Seprate
4429,174,4208,Arnag Sadak Kinare,2.5,2.5,0,Seprate
4424,17,5175,Bangla Ke aage,3,1.5,1.5,Joint
4429,90,50,Nimheta Nav Bigahwa Utarwari geda,34,0,34,Seprate
4429,91,47,Nav Bigahwa Madhwa Sevan(,404,255.5,148.5,Seprate
4429,104,51,Nav Bigahwa Nimheta Utarwadi geda,73,0,73,Seprate
4429,112,59,Bichla Geda Nimheta Purab Dakshin,73,0,73,Seprate
4429,155,57,Nimheta Bichla Geda ,35,0,35,Seprate
4429,172,76,Nav Bigahwa Siwan Par Nimheta ,17,0,17,Seprate
4429,172,625,Jhur Tar Tal Keshar,15,0,15,Seprate
4429,172,4409,Pandit Ganj,10.5,0,10.5,Seprate
4429,172,4252,Taand Par Mitti Katan,10.5,5.25,5.25,Joint
4429,173,4387,Mitha Kua Se dakhsin,40,0,40,Seprate
4429,173,4350,Jadu Singh Fulwari Ke pass,28,0,28,Seprate
4429,173,4350,Jadu Singh Fulwari Ke pass,4,0,4,Seprate
4429,173,4378,Dhibra Pakad Tar,51.5,41.75,9.75,Seprate
4429,173,4390,Ram Lakhan Pasi Ghar Ke samne,37,37,0,Seprate
4429,176,75,Nav Bigahwa Nimheta Me,42,30.5,11.5,Seprate
4429,213,257,Ahari Se purab Nimheta,39,19.5,19.5,Seprate
4429,226,55,Nichla Geda Nimheta ,62,0,62,Seprate
4429,272,58,Nimheta Bichla Geda,27,0,27,Seprate
4429,272,37,Pandi Ji Ke Boring Ke bagal me,48,48,0,Seprate
4430,304,5161,Bangla Se paschim,8,4,4,Joint
4430,304,5162,Bangla Se Paschim,10,5,5,Joint
4430,397,5159,Bisundev Ke Piche,17,17,0,Seprate
4656,439,5191,Pokhra me,24.5,24.5,0,Seprate
4656,444,4144,Market Chamartoli,40,20,20,Joint
4656,445,661,Bharti Ji Se Badlain,91,33,58,Seprate
4656,448,5169,Geruari and Janani Kita,18,9,9,Joint
4656,455,2626,Dhongar Par tedhki Ke satal,27,27,0,Seprate
4656,465,5184,Pokhra Ke Pass,13,13,0,Seprate
4656,473,5189,Sagwan Wala Beni Singh Wala,11,0,11,Seprate
4656,475,5172,Bangla Ke Osara,3,1.5,1.5,Joint
4656,475,5192,Pokhra Ke Purab,15.5,0,15.5,Seprate
4656,475,5181,Pokhra ke Uttar Surender Singh Ke Aari,11,0,11,Seprate
4656,504,2631,Dakhinwari Moriyar Ke Purab,13,13,0,Seprate
4656,505,3693,GulGuliwa Wala Gabda ,13.5,6.75,6.75,Joint
4656,510,5171,Bangla Ke pachim Kanta Wala,13.5,6.75,6.75,Joint
4656,518,5899,Sota Kinare Ahara Me,23,13.5,9.5,Seprate
4656,531,5239,Puranki Khalihan Ke Pass,2,2,0,Seprate
4656,548,5167,Bhatha Wala Hata Ke Piche,7.5,3.75,3.75,Joint
4656,559,5195,Ganj Ke Paschim Khalihan Pokhra Wala ,17,7.25,9.75,Seprate
4656,559,5125,Supan Ke Ghar Ke Piche,13,0,13,Seprate
4656,559,5107,Jagpati Singh Ke kuan Dih,25,12.5,12.5,Seprate
4656,559,2652,Badki Pokhra,74,64.5,9.5,Seprate
4656,560,655,kiyari me geda,93,36.5,56.5,Seprate
4656,560,672,Thakurwari se aage milan chadar par,25,25,0,Seprate
4656,560,5870,Tipua par badki geda,190.5,123.5,67,Seprate
4656,560,5870,Tipua par badki geda ,145,0,145,Seprate
4656,560,5870,Tipua par badki geda,135.5,0,135.5,Seprate
4656,560,5864,Madaran Mia,9,9,0,Seprate
4656,560,5864,Tedhaki Ke satal me,74,74,0,Seprate
4656,560,5864,Madaran mia tedhki ke satal,40,40,0,Seprate
4656,560,5910,Sota par ahara,95,95,0,Seprate
4656,560,5912,Malaha Wala,18,18,0,Seprate
4656,560,5847,Tedhaki aari,76.5,0,76.5,Seprate
4656,560,5233,Pora wala paeen ke uttar puranki khalihan,4,0,4,Seprate
4656,560,5235,paeen ke uttar puranki khalihan,8,0,8,Seprate
4656,560,5240,paeen ke uttar puranki khalihan,11,11,0,Seprate
4656,560,5880,Aahara nav bigahwa me,66,33,33,Seprate
4656,560,2770,Badaki Pokhra ke uppar,13,0,13,Seprate
4656,560,2615,Lal Mochi Purab bhar,43.5,13.5,30,Seprate
4656,560,2615,Dhongar Par Kamlesh Ke jimme,5,5,0,Seprate
4656,560,2615,Dhongar Par,13,13,0,Seprate
4656,560,2791,High School uttar sadak kinare,19,9.5,9.5,Joint
4656,560,2792,High School Sadak Kinare,20,10,10,Joint
4656,565,5238,Puranki Khalihan,6,6,0,Seprate
4656,570,5911,Sota Par,45,45,0,Seprate
4656,570,5916,Chav Bigahwa Ahara Me,33,33,0,Seprate
4656,606,5812,Lohara Wala Ahara Me ,108,57.25,50.75,Seprate
4656,652,5917,Sota Par Teen Bigahwa Me,33,33,0,Seprate
4656,652,2627,Dhongar Par Puranka Moriyar Sanjay,36,36,0,Seprate
4656,654,5168,Bhatha Wala Haata,4,2,2,Joint
4656,658,5196,Ganj Ke Paschim Pokhra,8,8,0,Seprate
4656,659,656,Kiyari me geda ,96,48,48,Seprate
4656,660,2769,Badaki Pokhra Ke purab bachhan jimme,26,0,26,Seprate
4656,660,2769,Badaki Pokhra Ke purab bachhan jimme,16,0,16,Seprate
4656,678,5173,Bangala Ke aangan ,2.5,1.25,1.25,Joint
4656,678,5180,Pokhra Ke paas,13,0,13,Seprate
4656,680,5914,Chav Bigahwa aahra me,19,9.5,9.5,Seprate
4656,697,5845,Tedhaki Me dakhin bhar,25,0,25,Seprate
4656,702,5846,Tedhki me dakhin bhar,9,0,9,Seprate
4964,854,5174,Boringwala Bangla Kua wala,3,1.5,1.5,joint
4964,854,1460,"Milan 2,3 Purab bhar sanjay jimme",89,0,89,Seprate
4964,854,2625,Lal Mochi Purab Bhar,21,21,0,Seprate
4964,854,2628,Bichla Moriyar se paschim,24.5,24.5,0,Seprate
4964,854,1465,Lal Mochi Purab Bhar,15,0,15,Seprate
4964,854,1470,Lal Mochi purab bhar,19,0,19,Seprate
4656,600,5853,Ahara Me Lal Kesar,19,19,0,Seprate
4656,487,5865,Ahara Me Tedhaki me,32,0,32,Seprate
4656,487,5856,Lohara Wala Me kuch badlain,38,0,38,Seprate
4656,487,5887,Nav Bigahwa Ahara Me,28,28,0,Seprate
4429,174,4407,Ghoghan Ghar Ke Paschim,8,8,0,Seprate
4429,174,4411,Dhibra Par,6,6,0,Seprate
4429,174,4451,Gowari Rasta Ke Dakshin,22,11,11,Seprate
4656,236,608,Dulla Ji Wala Pain Kinare,41,16.5,24.5,Seprate
4656,275,607,Dulla Ji Pain Kinare,8,8,0,Seprate
4656,275,48,Nimheta Uttarwari Geda,44,27.5,16.5,Seprate
4656,275,56,Nimheta Uttarwari Geda,11,0,11,Seprate
4656,723,5194,Ganj Wala Paschim(RCH),5.5,0,5.5,Seprate
4656,448,5170,Jagpati Singh Wala Hata,11,5.5,5.5,Joint
4656,559,5207,Purani Khalihan,9.75,9.75,0,Seprate
4429,173,5337,Ganaura wala Sabji hata,2,1,1,Joint
4656,723,5121,Dustoli Andar Babul ped wala,10,5,5,Joint
4656,692,632,Kiyari me,7.5,0,7.5,Seprate
4656,487,5881,Ahara Lohra me geda me mia ji,50,25,25,Seprate
4429,173,4449,Goari gano me,15,7.5,7.5,Joint
*,*,*,Total Area,4150.25,2075.50,2074.75,*
